workerid,predicate,sentence_type,slide_number,context,utterance,response,language,enjoyment,gender,age,comments,asses,education,OS,screenH,screenW,Browser,hitid,hittypeid,title,description,keywords,reward,creationtime,assignments,numavailable,numpending,numcomplete,hitstatus,reviewstatus,annotation,assignmentduration,autoapprovaldelay,hitlifetime,viewhit,assignmentid,workerid,assignmentstatus,autoapprovaltime,assignmentaccepttime,assignmentsubmittime,assignmentapprovaltime,assignmentrejecttime,deadline,feedback,reject,Answer.catch_trials,Answer.time_in_minutes
0,long,dist,8,random,big,0.02,English,2,Female,49,,Yes,2,Windows,900,1600,Chrome,34OWYT6U3WU9MZNVQ1UTOUTV4699IY,3OC3A14RUZ33RZQ3K2JZUXY2W2YJ3C,Adjectives of English,Answer questions about the interpretations of adjectives,language research stanford fun cognitive science university,$0.25,Tue Apr 12 09:26:48 PDT 2016,9,0,0,0,Reviewable,NotReviewed,1 cond,1800,60000,Thu May 12 09:26:48 PDT 2016,https://requester.mturk.com/mturk/manageHIT?HITId=34OWYT6U3WU9MZNVQ1UTOUTV4699IY,3ZY8KE4ISKGNMOMAWC9ZEX4XCVVQVN,0,Submitted,Wed Apr 13 02:10:27 PDT 2016,Tue Apr 12 09:28:23 PDT 2016,Tue Apr 12 09:30:27 PDT 2016,,,,,,[],1.9772333333333334
0,long,coll,8,random,big,0.82,English,2,Female,49,,Yes,2,Windows,900,1600,Chrome,34OWYT6U3WU9MZNVQ1UTOUTV4699IY,3OC3A14RUZ33RZQ3K2JZUXY2W2YJ3C,Adjectives of English,Answer questions about the interpretations of adjectives,language research stanford fun cognitive science university,$0.25,Tue Apr 12 09:26:48 PDT 2016,9,0,0,0,Reviewable,NotReviewed,1 cond,1800,60000,Thu May 12 09:26:48 PDT 2016,https://requester.mturk.com/mturk/manageHIT?HITId=34OWYT6U3WU9MZNVQ1UTOUTV4699IY,3ZY8KE4ISKGNMOMAWC9ZEX4XCVVQVN,0,Submitted,Wed Apr 13 02:10:27 PDT 2016,Tue Apr 12 09:28:23 PDT 2016,Tue Apr 12 09:30:27 PDT 2016,,,,,,[],1.9772333333333334
0,long,dist,9,random,heavy,0.19,English,2,Female,49,,Yes,2,Windows,900,1600,Chrome,34OWYT6U3WU9MZNVQ1UTOUTV4699IY,3OC3A14RUZ33RZQ3K2JZUXY2W2YJ3C,Adjectives of English,Answer questions about the interpretations of adjectives,language research stanford fun cognitive science university,$0.25,Tue Apr 12 09:26:48 PDT 2016,9,0,0,0,Reviewable,NotReviewed,1 cond,1800,60000,Thu May 12 09:26:48 PDT 2016,https://requester.mturk.com/mturk/manageHIT?HITId=34OWYT6U3WU9MZNVQ1UTOUTV4699IY,3ZY8KE4ISKGNMOMAWC9ZEX4XCVVQVN,0,Submitted,Wed Apr 13 02:10:27 PDT 2016,Tue Apr 12 09:28:23 PDT 2016,Tue Apr 12 09:30:27 PDT 2016,,,,,,[],1.9772333333333334
0,long,coll,9,random,heavy,0.93,English,2,Female,49,,Yes,2,Windows,900,1600,Chrome,34OWYT6U3WU9MZNVQ1UTOUTV4699IY,3OC3A14RUZ33RZQ3K2JZUXY2W2YJ3C,Adjectives of English,Answer questions about the interpretations of adjectives,language research stanford fun cognitive science university,$0.25,Tue Apr 12 09:26:48 PDT 2016,9,0,0,0,Reviewable,NotReviewed,1 cond,1800,60000,Thu May 12 09:26:48 PDT 2016,https://requester.mturk.com/mturk/manageHIT?HITId=34OWYT6U3WU9MZNVQ1UTOUTV4699IY,3ZY8KE4ISKGNMOMAWC9ZEX4XCVVQVN,0,Submitted,Wed Apr 13 02:10:27 PDT 2016,Tue Apr 12 09:28:23 PDT 2016,Tue Apr 12 09:30:27 PDT 2016,,,,,,[],1.9772333333333334
0,long,dist,10,random,long,0.25,English,2,Female,49,,Yes,2,Windows,900,1600,Chrome,34OWYT6U3WU9MZNVQ1UTOUTV4699IY,3OC3A14RUZ33RZQ3K2JZUXY2W2YJ3C,Adjectives of English,Answer questions about the interpretations of adjectives,language research stanford fun cognitive science university,$0.25,Tue Apr 12 09:26:48 PDT 2016,9,0,0,0,Reviewable,NotReviewed,1 cond,1800,60000,Thu May 12 09:26:48 PDT 2016,https://requester.mturk.com/mturk/manageHIT?HITId=34OWYT6U3WU9MZNVQ1UTOUTV4699IY,3ZY8KE4ISKGNMOMAWC9ZEX4XCVVQVN,0,Submitted,Wed Apr 13 02:10:27 PDT 2016,Tue Apr 12 09:28:23 PDT 2016,Tue Apr 12 09:30:27 PDT 2016,,,,,,[],1.9772333333333334
0,long,coll,10,random,long,0.89,English,2,Female,49,,Yes,2,Windows,900,1600,Chrome,34OWYT6U3WU9MZNVQ1UTOUTV4699IY,3OC3A14RUZ33RZQ3K2JZUXY2W2YJ3C,Adjectives of English,Answer questions about the interpretations of adjectives,language research stanford fun cognitive science university,$0.25,Tue Apr 12 09:26:48 PDT 2016,9,0,0,0,Reviewable,NotReviewed,1 cond,1800,60000,Thu May 12 09:26:48 PDT 2016,https://requester.mturk.com/mturk/manageHIT?HITId=34OWYT6U3WU9MZNVQ1UTOUTV4699IY,3ZY8KE4ISKGNMOMAWC9ZEX4XCVVQVN,0,Submitted,Wed Apr 13 02:10:27 PDT 2016,Tue Apr 12 09:28:23 PDT 2016,Tue Apr 12 09:30:27 PDT 2016,,,,,,[],1.9772333333333334
1,long,coll,8,regular,big,0.26,English,1,Male,28,,Yes,3,Windows,1080,1920,Chrome,34OWYT6U3WU9MZNVQ1UTOUTV4699IY,3OC3A14RUZ33RZQ3K2JZUXY2W2YJ3C,Adjectives of English,Answer questions about the interpretations of adjectives,language research stanford fun cognitive science university,$0.25,Tue Apr 12 09:26:48 PDT 2016,9,0,0,0,Reviewable,NotReviewed,1 cond,1800,60000,Thu May 12 09:26:48 PDT 2016,https://requester.mturk.com/mturk/manageHIT?HITId=34OWYT6U3WU9MZNVQ1UTOUTV4699IY,3OE22WJIGJ1N99XARMZUIB2EYOMQUY,1,Submitted,Wed Apr 13 02:10:53 PDT 2016,Tue Apr 12 09:27:36 PDT 2016,Tue Apr 12 09:30:53 PDT 2016,,,,,,[],2.3501166666666666
1,long,dist,8,regular,big,0.76,English,1,Male,28,,Yes,3,Windows,1080,1920,Chrome,34OWYT6U3WU9MZNVQ1UTOUTV4699IY,3OC3A14RUZ33RZQ3K2JZUXY2W2YJ3C,Adjectives of English,Answer questions about the interpretations of adjectives,language research stanford fun cognitive science university,$0.25,Tue Apr 12 09:26:48 PDT 2016,9,0,0,0,Reviewable,NotReviewed,1 cond,1800,60000,Thu May 12 09:26:48 PDT 2016,https://requester.mturk.com/mturk/manageHIT?HITId=34OWYT6U3WU9MZNVQ1UTOUTV4699IY,3OE22WJIGJ1N99XARMZUIB2EYOMQUY,1,Submitted,Wed Apr 13 02:10:53 PDT 2016,Tue Apr 12 09:27:36 PDT 2016,Tue Apr 12 09:30:53 PDT 2016,,,,,,[],2.3501166666666666
1,long,dist,9,regular,long,0.7,English,1,Male,28,,Yes,3,Windows,1080,1920,Chrome,34OWYT6U3WU9MZNVQ1UTOUTV4699IY,3OC3A14RUZ33RZQ3K2JZUXY2W2YJ3C,Adjectives of English,Answer questions about the interpretations of adjectives,language research stanford fun cognitive science university,$0.25,Tue Apr 12 09:26:48 PDT 2016,9,0,0,0,Reviewable,NotReviewed,1 cond,1800,60000,Thu May 12 09:26:48 PDT 2016,https://requester.mturk.com/mturk/manageHIT?HITId=34OWYT6U3WU9MZNVQ1UTOUTV4699IY,3OE22WJIGJ1N99XARMZUIB2EYOMQUY,1,Submitted,Wed Apr 13 02:10:53 PDT 2016,Tue Apr 12 09:27:36 PDT 2016,Tue Apr 12 09:30:53 PDT 2016,,,,,,[],2.3501166666666666
1,long,coll,9,regular,long,0.23,English,1,Male,28,,Yes,3,Windows,1080,1920,Chrome,34OWYT6U3WU9MZNVQ1UTOUTV4699IY,3OC3A14RUZ33RZQ3K2JZUXY2W2YJ3C,Adjectives of English,Answer questions about the interpretations of adjectives,language research stanford fun cognitive science university,$0.25,Tue Apr 12 09:26:48 PDT 2016,9,0,0,0,Reviewable,NotReviewed,1 cond,1800,60000,Thu May 12 09:26:48 PDT 2016,https://requester.mturk.com/mturk/manageHIT?HITId=34OWYT6U3WU9MZNVQ1UTOUTV4699IY,3OE22WJIGJ1N99XARMZUIB2EYOMQUY,1,Submitted,Wed Apr 13 02:10:53 PDT 2016,Tue Apr 12 09:27:36 PDT 2016,Tue Apr 12 09:30:53 PDT 2016,,,,,,[],2.3501166666666666
1,long,coll,10,regular,heavy,0.73,English,1,Male,28,,Yes,3,Windows,1080,1920,Chrome,34OWYT6U3WU9MZNVQ1UTOUTV4699IY,3OC3A14RUZ33RZQ3K2JZUXY2W2YJ3C,Adjectives of English,Answer questions about the interpretations of adjectives,language research stanford fun cognitive science university,$0.25,Tue Apr 12 09:26:48 PDT 2016,9,0,0,0,Reviewable,NotReviewed,1 cond,1800,60000,Thu May 12 09:26:48 PDT 2016,https://requester.mturk.com/mturk/manageHIT?HITId=34OWYT6U3WU9MZNVQ1UTOUTV4699IY,3OE22WJIGJ1N99XARMZUIB2EYOMQUY,1,Submitted,Wed Apr 13 02:10:53 PDT 2016,Tue Apr 12 09:27:36 PDT 2016,Tue Apr 12 09:30:53 PDT 2016,,,,,,[],2.3501166666666666
1,long,dist,10,regular,heavy,0.14,English,1,Male,28,,Yes,3,Windows,1080,1920,Chrome,34OWYT6U3WU9MZNVQ1UTOUTV4699IY,3OC3A14RUZ33RZQ3K2JZUXY2W2YJ3C,Adjectives of English,Answer questions about the interpretations of adjectives,language research stanford fun cognitive science university,$0.25,Tue Apr 12 09:26:48 PDT 2016,9,0,0,0,Reviewable,NotReviewed,1 cond,1800,60000,Thu May 12 09:26:48 PDT 2016,https://requester.mturk.com/mturk/manageHIT?HITId=34OWYT6U3WU9MZNVQ1UTOUTV4699IY,3OE22WJIGJ1N99XARMZUIB2EYOMQUY,1,Submitted,Wed Apr 13 02:10:53 PDT 2016,Tue Apr 12 09:27:36 PDT 2016,Tue Apr 12 09:30:53 PDT 2016,,,,,,[],2.3501166666666666
2,long,coll,8,random,heavy,0.81,english,1,Female,41,,Yes,-1,Windows,768,1366,Chrome,34OWYT6U3WU9MZNVQ1UTOUTV4699IY,3OC3A14RUZ33RZQ3K2JZUXY2W2YJ3C,Adjectives of English,Answer questions about the interpretations of adjectives,language research stanford fun cognitive science university,$0.25,Tue Apr 12 09:26:48 PDT 2016,9,0,0,0,Reviewable,NotReviewed,1 cond,1800,60000,Thu May 12 09:26:48 PDT 2016,https://requester.mturk.com/mturk/manageHIT?HITId=34OWYT6U3WU9MZNVQ1UTOUTV4699IY,36U2A8VAG2CIFFJKOICMPAWIV66KYZ,2,Submitted,Wed Apr 13 02:22:20 PDT 2016,Tue Apr 12 09:38:45 PDT 2016,Tue Apr 12 09:42:20 PDT 2016,,,,,,[],3.528966666666667
2,long,dist,8,random,heavy,0,english,1,Female,41,,Yes,-1,Windows,768,1366,Chrome,34OWYT6U3WU9MZNVQ1UTOUTV4699IY,3OC3A14RUZ33RZQ3K2JZUXY2W2YJ3C,Adjectives of English,Answer questions about the interpretations of adjectives,language research stanford fun cognitive science university,$0.25,Tue Apr 12 09:26:48 PDT 2016,9,0,0,0,Reviewable,NotReviewed,1 cond,1800,60000,Thu May 12 09:26:48 PDT 2016,https://requester.mturk.com/mturk/manageHIT?HITId=34OWYT6U3WU9MZNVQ1UTOUTV4699IY,36U2A8VAG2CIFFJKOICMPAWIV66KYZ,2,Submitted,Wed Apr 13 02:22:20 PDT 2016,Tue Apr 12 09:38:45 PDT 2016,Tue Apr 12 09:42:20 PDT 2016,,,,,,[],3.528966666666667
2,long,dist,9,random,long,0.52,english,1,Female,41,,Yes,-1,Windows,768,1366,Chrome,34OWYT6U3WU9MZNVQ1UTOUTV4699IY,3OC3A14RUZ33RZQ3K2JZUXY2W2YJ3C,Adjectives of English,Answer questions about the interpretations of adjectives,language research stanford fun cognitive science university,$0.25,Tue Apr 12 09:26:48 PDT 2016,9,0,0,0,Reviewable,NotReviewed,1 cond,1800,60000,Thu May 12 09:26:48 PDT 2016,https://requester.mturk.com/mturk/manageHIT?HITId=34OWYT6U3WU9MZNVQ1UTOUTV4699IY,36U2A8VAG2CIFFJKOICMPAWIV66KYZ,2,Submitted,Wed Apr 13 02:22:20 PDT 2016,Tue Apr 12 09:38:45 PDT 2016,Tue Apr 12 09:42:20 PDT 2016,,,,,,[],3.528966666666667
2,long,coll,9,random,long,0.03,english,1,Female,41,,Yes,-1,Windows,768,1366,Chrome,34OWYT6U3WU9MZNVQ1UTOUTV4699IY,3OC3A14RUZ33RZQ3K2JZUXY2W2YJ3C,Adjectives of English,Answer questions about the interpretations of adjectives,language research stanford fun cognitive science university,$0.25,Tue Apr 12 09:26:48 PDT 2016,9,0,0,0,Reviewable,NotReviewed,1 cond,1800,60000,Thu May 12 09:26:48 PDT 2016,https://requester.mturk.com/mturk/manageHIT?HITId=34OWYT6U3WU9MZNVQ1UTOUTV4699IY,36U2A8VAG2CIFFJKOICMPAWIV66KYZ,2,Submitted,Wed Apr 13 02:22:20 PDT 2016,Tue Apr 12 09:38:45 PDT 2016,Tue Apr 12 09:42:20 PDT 2016,,,,,,[],3.528966666666667
2,long,coll,10,random,big,0.93,english,1,Female,41,,Yes,-1,Windows,768,1366,Chrome,34OWYT6U3WU9MZNVQ1UTOUTV4699IY,3OC3A14RUZ33RZQ3K2JZUXY2W2YJ3C,Adjectives of English,Answer questions about the interpretations of adjectives,language research stanford fun cognitive science university,$0.25,Tue Apr 12 09:26:48 PDT 2016,9,0,0,0,Reviewable,NotReviewed,1 cond,1800,60000,Thu May 12 09:26:48 PDT 2016,https://requester.mturk.com/mturk/manageHIT?HITId=34OWYT6U3WU9MZNVQ1UTOUTV4699IY,36U2A8VAG2CIFFJKOICMPAWIV66KYZ,2,Submitted,Wed Apr 13 02:22:20 PDT 2016,Tue Apr 12 09:38:45 PDT 2016,Tue Apr 12 09:42:20 PDT 2016,,,,,,[],3.528966666666667
2,long,dist,10,random,big,0.11,english,1,Female,41,,Yes,-1,Windows,768,1366,Chrome,34OWYT6U3WU9MZNVQ1UTOUTV4699IY,3OC3A14RUZ33RZQ3K2JZUXY2W2YJ3C,Adjectives of English,Answer questions about the interpretations of adjectives,language research stanford fun cognitive science university,$0.25,Tue Apr 12 09:26:48 PDT 2016,9,0,0,0,Reviewable,NotReviewed,1 cond,1800,60000,Thu May 12 09:26:48 PDT 2016,https://requester.mturk.com/mturk/manageHIT?HITId=34OWYT6U3WU9MZNVQ1UTOUTV4699IY,36U2A8VAG2CIFFJKOICMPAWIV66KYZ,2,Submitted,Wed Apr 13 02:22:20 PDT 2016,Tue Apr 12 09:38:45 PDT 2016,Tue Apr 12 09:42:20 PDT 2016,,,,,,[],3.528966666666667
3,long,coll,8,regular,big,0.82,English,2,Female,56,I didn&quotechart expect to do it in the hit window but that worked out well. The illustrations were great. Thanks!,Yes,3,Windows,800,1280,Chrome,34OWYT6U3WU9MZNVQ1UTOUTV4699IY,3OC3A14RUZ33RZQ3K2JZUXY2W2YJ3C,Adjectives of English,Answer questions about the interpretations of adjectives,language research stanford fun cognitive science university,$0.25,Tue Apr 12 09:26:48 PDT 2016,9,0,0,0,Reviewable,NotReviewed,1 cond,1800,60000,Thu May 12 09:26:48 PDT 2016,https://requester.mturk.com/mturk/manageHIT?HITId=34OWYT6U3WU9MZNVQ1UTOUTV4699IY,384PI804XTEJ6307LJAFO4T80N3S0M,3,Submitted,Wed Apr 13 02:25:43 PDT 2016,Tue Apr 12 09:40:55 PDT 2016,Tue Apr 12 09:45:43 PDT 2016,,,,,,[],4.742633333333333
3,long,dist,8,regular,big,0.31,English,2,Female,56,I didn&quotechart expect to do it in the hit window but that worked out well. The illustrations were great. Thanks!,Yes,3,Windows,800,1280,Chrome,34OWYT6U3WU9MZNVQ1UTOUTV4699IY,3OC3A14RUZ33RZQ3K2JZUXY2W2YJ3C,Adjectives of English,Answer questions about the interpretations of adjectives,language research stanford fun cognitive science university,$0.25,Tue Apr 12 09:26:48 PDT 2016,9,0,0,0,Reviewable,NotReviewed,1 cond,1800,60000,Thu May 12 09:26:48 PDT 2016,https://requester.mturk.com/mturk/manageHIT?HITId=34OWYT6U3WU9MZNVQ1UTOUTV4699IY,384PI804XTEJ6307LJAFO4T80N3S0M,3,Submitted,Wed Apr 13 02:25:43 PDT 2016,Tue Apr 12 09:40:55 PDT 2016,Tue Apr 12 09:45:43 PDT 2016,,,,,,[],4.742633333333333
3,long,coll,9,regular,long,0.56,English,2,Female,56,I didn&quotechart expect to do it in the hit window but that worked out well. The illustrations were great. Thanks!,Yes,3,Windows,800,1280,Chrome,34OWYT6U3WU9MZNVQ1UTOUTV4699IY,3OC3A14RUZ33RZQ3K2JZUXY2W2YJ3C,Adjectives of English,Answer questions about the interpretations of adjectives,language research stanford fun cognitive science university,$0.25,Tue Apr 12 09:26:48 PDT 2016,9,0,0,0,Reviewable,NotReviewed,1 cond,1800,60000,Thu May 12 09:26:48 PDT 2016,https://requester.mturk.com/mturk/manageHIT?HITId=34OWYT6U3WU9MZNVQ1UTOUTV4699IY,384PI804XTEJ6307LJAFO4T80N3S0M,3,Submitted,Wed Apr 13 02:25:43 PDT 2016,Tue Apr 12 09:40:55 PDT 2016,Tue Apr 12 09:45:43 PDT 2016,,,,,,[],4.742633333333333
3,long,dist,9,regular,long,0.54,English,2,Female,56,I didn&quotechart expect to do it in the hit window but that worked out well. The illustrations were great. Thanks!,Yes,3,Windows,800,1280,Chrome,34OWYT6U3WU9MZNVQ1UTOUTV4699IY,3OC3A14RUZ33RZQ3K2JZUXY2W2YJ3C,Adjectives of English,Answer questions about the interpretations of adjectives,language research stanford fun cognitive science university,$0.25,Tue Apr 12 09:26:48 PDT 2016,9,0,0,0,Reviewable,NotReviewed,1 cond,1800,60000,Thu May 12 09:26:48 PDT 2016,https://requester.mturk.com/mturk/manageHIT?HITId=34OWYT6U3WU9MZNVQ1UTOUTV4699IY,384PI804XTEJ6307LJAFO4T80N3S0M,3,Submitted,Wed Apr 13 02:25:43 PDT 2016,Tue Apr 12 09:40:55 PDT 2016,Tue Apr 12 09:45:43 PDT 2016,,,,,,[],4.742633333333333
3,long,coll,10,regular,heavy,0.96,English,2,Female,56,I didn&quotechart expect to do it in the hit window but that worked out well. The illustrations were great. Thanks!,Yes,3,Windows,800,1280,Chrome,34OWYT6U3WU9MZNVQ1UTOUTV4699IY,3OC3A14RUZ33RZQ3K2JZUXY2W2YJ3C,Adjectives of English,Answer questions about the interpretations of adjectives,language research stanford fun cognitive science university,$0.25,Tue Apr 12 09:26:48 PDT 2016,9,0,0,0,Reviewable,NotReviewed,1 cond,1800,60000,Thu May 12 09:26:48 PDT 2016,https://requester.mturk.com/mturk/manageHIT?HITId=34OWYT6U3WU9MZNVQ1UTOUTV4699IY,384PI804XTEJ6307LJAFO4T80N3S0M,3,Submitted,Wed Apr 13 02:25:43 PDT 2016,Tue Apr 12 09:40:55 PDT 2016,Tue Apr 12 09:45:43 PDT 2016,,,,,,[],4.742633333333333
3,long,dist,10,regular,heavy,0.26,English,2,Female,56,I didn&quotechart expect to do it in the hit window but that worked out well. The illustrations were great. Thanks!,Yes,3,Windows,800,1280,Chrome,34OWYT6U3WU9MZNVQ1UTOUTV4699IY,3OC3A14RUZ33RZQ3K2JZUXY2W2YJ3C,Adjectives of English,Answer questions about the interpretations of adjectives,language research stanford fun cognitive science university,$0.25,Tue Apr 12 09:26:48 PDT 2016,9,0,0,0,Reviewable,NotReviewed,1 cond,1800,60000,Thu May 12 09:26:48 PDT 2016,https://requester.mturk.com/mturk/manageHIT?HITId=34OWYT6U3WU9MZNVQ1UTOUTV4699IY,384PI804XTEJ6307LJAFO4T80N3S0M,3,Submitted,Wed Apr 13 02:25:43 PDT 2016,Tue Apr 12 09:40:55 PDT 2016,Tue Apr 12 09:45:43 PDT 2016,,,,,,[],4.742633333333333
4,long,dist,8,random,big,0.17,english,2,Female,65,it was different and fun,Yes,1,Mac,1200,1920,Firefox,34OWYT6U3WU9MZNVQ1UTOUTV4699IY,3OC3A14RUZ33RZQ3K2JZUXY2W2YJ3C,Adjectives of English,Answer questions about the interpretations of adjectives,language research stanford fun cognitive science university,$0.25,Tue Apr 12 09:26:48 PDT 2016,9,0,0,0,Reviewable,NotReviewed,1 cond,1800,60000,Thu May 12 09:26:48 PDT 2016,https://requester.mturk.com/mturk/manageHIT?HITId=34OWYT6U3WU9MZNVQ1UTOUTV4699IY,3UWN2HHPUZIMRZSEMPCDZGPL8GESNX,4,Submitted,Wed Apr 13 03:05:54 PDT 2016,Tue Apr 12 10:23:30 PDT 2016,Tue Apr 12 10:25:54 PDT 2016,,,,,,[],2.3657666666666666
4,long,coll,8,random,big,0.55,english,2,Female,65,it was different and fun,Yes,1,Mac,1200,1920,Firefox,34OWYT6U3WU9MZNVQ1UTOUTV4699IY,3OC3A14RUZ33RZQ3K2JZUXY2W2YJ3C,Adjectives of English,Answer questions about the interpretations of adjectives,language research stanford fun cognitive science university,$0.25,Tue Apr 12 09:26:48 PDT 2016,9,0,0,0,Reviewable,NotReviewed,1 cond,1800,60000,Thu May 12 09:26:48 PDT 2016,https://requester.mturk.com/mturk/manageHIT?HITId=34OWYT6U3WU9MZNVQ1UTOUTV4699IY,3UWN2HHPUZIMRZSEMPCDZGPL8GESNX,4,Submitted,Wed Apr 13 03:05:54 PDT 2016,Tue Apr 12 10:23:30 PDT 2016,Tue Apr 12 10:25:54 PDT 2016,,,,,,[],2.3657666666666666
4,long,coll,9,random,long,0.26,english,2,Female,65,it was different and fun,Yes,1,Mac,1200,1920,Firefox,34OWYT6U3WU9MZNVQ1UTOUTV4699IY,3OC3A14RUZ33RZQ3K2JZUXY2W2YJ3C,Adjectives of English,Answer questions about the interpretations of adjectives,language research stanford fun cognitive science university,$0.25,Tue Apr 12 09:26:48 PDT 2016,9,0,0,0,Reviewable,NotReviewed,1 cond,1800,60000,Thu May 12 09:26:48 PDT 2016,https://requester.mturk.com/mturk/manageHIT?HITId=34OWYT6U3WU9MZNVQ1UTOUTV4699IY,3UWN2HHPUZIMRZSEMPCDZGPL8GESNX,4,Submitted,Wed Apr 13 03:05:54 PDT 2016,Tue Apr 12 10:23:30 PDT 2016,Tue Apr 12 10:25:54 PDT 2016,,,,,,[],2.3657666666666666
4,long,dist,9,random,long,0.06,english,2,Female,65,it was different and fun,Yes,1,Mac,1200,1920,Firefox,34OWYT6U3WU9MZNVQ1UTOUTV4699IY,3OC3A14RUZ33RZQ3K2JZUXY2W2YJ3C,Adjectives of English,Answer questions about the interpretations of adjectives,language research stanford fun cognitive science university,$0.25,Tue Apr 12 09:26:48 PDT 2016,9,0,0,0,Reviewable,NotReviewed,1 cond,1800,60000,Thu May 12 09:26:48 PDT 2016,https://requester.mturk.com/mturk/manageHIT?HITId=34OWYT6U3WU9MZNVQ1UTOUTV4699IY,3UWN2HHPUZIMRZSEMPCDZGPL8GESNX,4,Submitted,Wed Apr 13 03:05:54 PDT 2016,Tue Apr 12 10:23:30 PDT 2016,Tue Apr 12 10:25:54 PDT 2016,,,,,,[],2.3657666666666666
4,long,dist,10,random,heavy,0.48,english,2,Female,65,it was different and fun,Yes,1,Mac,1200,1920,Firefox,34OWYT6U3WU9MZNVQ1UTOUTV4699IY,3OC3A14RUZ33RZQ3K2JZUXY2W2YJ3C,Adjectives of English,Answer questions about the interpretations of adjectives,language research stanford fun cognitive science university,$0.25,Tue Apr 12 09:26:48 PDT 2016,9,0,0,0,Reviewable,NotReviewed,1 cond,1800,60000,Thu May 12 09:26:48 PDT 2016,https://requester.mturk.com/mturk/manageHIT?HITId=34OWYT6U3WU9MZNVQ1UTOUTV4699IY,3UWN2HHPUZIMRZSEMPCDZGPL8GESNX,4,Submitted,Wed Apr 13 03:05:54 PDT 2016,Tue Apr 12 10:23:30 PDT 2016,Tue Apr 12 10:25:54 PDT 2016,,,,,,[],2.3657666666666666
4,long,coll,10,random,heavy,0.7,english,2,Female,65,it was different and fun,Yes,1,Mac,1200,1920,Firefox,34OWYT6U3WU9MZNVQ1UTOUTV4699IY,3OC3A14RUZ33RZQ3K2JZUXY2W2YJ3C,Adjectives of English,Answer questions about the interpretations of adjectives,language research stanford fun cognitive science university,$0.25,Tue Apr 12 09:26:48 PDT 2016,9,0,0,0,Reviewable,NotReviewed,1 cond,1800,60000,Thu May 12 09:26:48 PDT 2016,https://requester.mturk.com/mturk/manageHIT?HITId=34OWYT6U3WU9MZNVQ1UTOUTV4699IY,3UWN2HHPUZIMRZSEMPCDZGPL8GESNX,4,Submitted,Wed Apr 13 03:05:54 PDT 2016,Tue Apr 12 10:23:30 PDT 2016,Tue Apr 12 10:25:54 PDT 2016,,,,,,[],2.3657666666666666
5,long,dist,8,regular,long,0.87,English,2,Male,28,"Interesting hit, thanks!",Yes,2,Linux,1080,1920,Chrome,34OWYT6U3WU9MZNVQ1UTOUTV4699IY,3OC3A14RUZ33RZQ3K2JZUXY2W2YJ3C,Adjectives of English,Answer questions about the interpretations of adjectives,language research stanford fun cognitive science university,$0.25,Tue Apr 12 09:26:48 PDT 2016,9,0,0,0,Reviewable,NotReviewed,1 cond,1800,60000,Thu May 12 09:26:48 PDT 2016,https://requester.mturk.com/mturk/manageHIT?HITId=34OWYT6U3WU9MZNVQ1UTOUTV4699IY,3B2X28YI3XSF3S5KCM417GTZ9256B2,5,Submitted,Wed Apr 13 03:31:55 PDT 2016,Tue Apr 12 10:42:54 PDT 2016,Tue Apr 12 10:51:55 PDT 2016,,,,,,[],1.7548833333333334
5,long,coll,8,regular,long,0.28,English,2,Male,28,"Interesting hit, thanks!",Yes,2,Linux,1080,1920,Chrome,34OWYT6U3WU9MZNVQ1UTOUTV4699IY,3OC3A14RUZ33RZQ3K2JZUXY2W2YJ3C,Adjectives of English,Answer questions about the interpretations of adjectives,language research stanford fun cognitive science university,$0.25,Tue Apr 12 09:26:48 PDT 2016,9,0,0,0,Reviewable,NotReviewed,1 cond,1800,60000,Thu May 12 09:26:48 PDT 2016,https://requester.mturk.com/mturk/manageHIT?HITId=34OWYT6U3WU9MZNVQ1UTOUTV4699IY,3B2X28YI3XSF3S5KCM417GTZ9256B2,5,Submitted,Wed Apr 13 03:31:55 PDT 2016,Tue Apr 12 10:42:54 PDT 2016,Tue Apr 12 10:51:55 PDT 2016,,,,,,[],1.7548833333333334
5,long,coll,9,regular,big,0.34,English,2,Male,28,"Interesting hit, thanks!",Yes,2,Linux,1080,1920,Chrome,34OWYT6U3WU9MZNVQ1UTOUTV4699IY,3OC3A14RUZ33RZQ3K2JZUXY2W2YJ3C,Adjectives of English,Answer questions about the interpretations of adjectives,language research stanford fun cognitive science university,$0.25,Tue Apr 12 09:26:48 PDT 2016,9,0,0,0,Reviewable,NotReviewed,1 cond,1800,60000,Thu May 12 09:26:48 PDT 2016,https://requester.mturk.com/mturk/manageHIT?HITId=34OWYT6U3WU9MZNVQ1UTOUTV4699IY,3B2X28YI3XSF3S5KCM417GTZ9256B2,5,Submitted,Wed Apr 13 03:31:55 PDT 2016,Tue Apr 12 10:42:54 PDT 2016,Tue Apr 12 10:51:55 PDT 2016,,,,,,[],1.7548833333333334
5,long,dist,9,regular,big,0.72,English,2,Male,28,"Interesting hit, thanks!",Yes,2,Linux,1080,1920,Chrome,34OWYT6U3WU9MZNVQ1UTOUTV4699IY,3OC3A14RUZ33RZQ3K2JZUXY2W2YJ3C,Adjectives of English,Answer questions about the interpretations of adjectives,language research stanford fun cognitive science university,$0.25,Tue Apr 12 09:26:48 PDT 2016,9,0,0,0,Reviewable,NotReviewed,1 cond,1800,60000,Thu May 12 09:26:48 PDT 2016,https://requester.mturk.com/mturk/manageHIT?HITId=34OWYT6U3WU9MZNVQ1UTOUTV4699IY,3B2X28YI3XSF3S5KCM417GTZ9256B2,5,Submitted,Wed Apr 13 03:31:55 PDT 2016,Tue Apr 12 10:42:54 PDT 2016,Tue Apr 12 10:51:55 PDT 2016,,,,,,[],1.7548833333333334
5,long,dist,10,regular,heavy,0.68,English,2,Male,28,"Interesting hit, thanks!",Yes,2,Linux,1080,1920,Chrome,34OWYT6U3WU9MZNVQ1UTOUTV4699IY,3OC3A14RUZ33RZQ3K2JZUXY2W2YJ3C,Adjectives of English,Answer questions about the interpretations of adjectives,language research stanford fun cognitive science university,$0.25,Tue Apr 12 09:26:48 PDT 2016,9,0,0,0,Reviewable,NotReviewed,1 cond,1800,60000,Thu May 12 09:26:48 PDT 2016,https://requester.mturk.com/mturk/manageHIT?HITId=34OWYT6U3WU9MZNVQ1UTOUTV4699IY,3B2X28YI3XSF3S5KCM417GTZ9256B2,5,Submitted,Wed Apr 13 03:31:55 PDT 2016,Tue Apr 12 10:42:54 PDT 2016,Tue Apr 12 10:51:55 PDT 2016,,,,,,[],1.7548833333333334
5,long,coll,10,regular,heavy,0.7,English,2,Male,28,"Interesting hit, thanks!",Yes,2,Linux,1080,1920,Chrome,34OWYT6U3WU9MZNVQ1UTOUTV4699IY,3OC3A14RUZ33RZQ3K2JZUXY2W2YJ3C,Adjectives of English,Answer questions about the interpretations of adjectives,language research stanford fun cognitive science university,$0.25,Tue Apr 12 09:26:48 PDT 2016,9,0,0,0,Reviewable,NotReviewed,1 cond,1800,60000,Thu May 12 09:26:48 PDT 2016,https://requester.mturk.com/mturk/manageHIT?HITId=34OWYT6U3WU9MZNVQ1UTOUTV4699IY,3B2X28YI3XSF3S5KCM417GTZ9256B2,5,Submitted,Wed Apr 13 03:31:55 PDT 2016,Tue Apr 12 10:42:54 PDT 2016,Tue Apr 12 10:51:55 PDT 2016,,,,,,[],1.7548833333333334
6,long,coll,8,regular,big,0.4,english,2,Female,37,,Yes,4,Windows,768,1366,Chrome,34OWYT6U3WU9MZNVQ1UTOUTV4699IY,3OC3A14RUZ33RZQ3K2JZUXY2W2YJ3C,Adjectives of English,Answer questions about the interpretations of adjectives,language research stanford fun cognitive science university,$0.25,Tue Apr 12 09:26:48 PDT 2016,9,0,0,0,Reviewable,NotReviewed,1 cond,1800,60000,Thu May 12 09:26:48 PDT 2016,https://requester.mturk.com/mturk/manageHIT?HITId=34OWYT6U3WU9MZNVQ1UTOUTV4699IY,3E1QT0TDFQMCUE2EBBTGDHT3ANG8I0,6,Submitted,Wed Apr 13 04:04:26 PDT 2016,Tue Apr 12 11:22:31 PDT 2016,Tue Apr 12 11:24:26 PDT 2016,,,,,,[],1.8948666666666667
6,long,dist,8,regular,big,0.54,english,2,Female,37,,Yes,4,Windows,768,1366,Chrome,34OWYT6U3WU9MZNVQ1UTOUTV4699IY,3OC3A14RUZ33RZQ3K2JZUXY2W2YJ3C,Adjectives of English,Answer questions about the interpretations of adjectives,language research stanford fun cognitive science university,$0.25,Tue Apr 12 09:26:48 PDT 2016,9,0,0,0,Reviewable,NotReviewed,1 cond,1800,60000,Thu May 12 09:26:48 PDT 2016,https://requester.mturk.com/mturk/manageHIT?HITId=34OWYT6U3WU9MZNVQ1UTOUTV4699IY,3E1QT0TDFQMCUE2EBBTGDHT3ANG8I0,6,Submitted,Wed Apr 13 04:04:26 PDT 2016,Tue Apr 12 11:22:31 PDT 2016,Tue Apr 12 11:24:26 PDT 2016,,,,,,[],1.8948666666666667
6,long,dist,9,regular,long,0.65,english,2,Female,37,,Yes,4,Windows,768,1366,Chrome,34OWYT6U3WU9MZNVQ1UTOUTV4699IY,3OC3A14RUZ33RZQ3K2JZUXY2W2YJ3C,Adjectives of English,Answer questions about the interpretations of adjectives,language research stanford fun cognitive science university,$0.25,Tue Apr 12 09:26:48 PDT 2016,9,0,0,0,Reviewable,NotReviewed,1 cond,1800,60000,Thu May 12 09:26:48 PDT 2016,https://requester.mturk.com/mturk/manageHIT?HITId=34OWYT6U3WU9MZNVQ1UTOUTV4699IY,3E1QT0TDFQMCUE2EBBTGDHT3ANG8I0,6,Submitted,Wed Apr 13 04:04:26 PDT 2016,Tue Apr 12 11:22:31 PDT 2016,Tue Apr 12 11:24:26 PDT 2016,,,,,,[],1.8948666666666667
6,long,coll,9,regular,long,0.09,english,2,Female,37,,Yes,4,Windows,768,1366,Chrome,34OWYT6U3WU9MZNVQ1UTOUTV4699IY,3OC3A14RUZ33RZQ3K2JZUXY2W2YJ3C,Adjectives of English,Answer questions about the interpretations of adjectives,language research stanford fun cognitive science university,$0.25,Tue Apr 12 09:26:48 PDT 2016,9,0,0,0,Reviewable,NotReviewed,1 cond,1800,60000,Thu May 12 09:26:48 PDT 2016,https://requester.mturk.com/mturk/manageHIT?HITId=34OWYT6U3WU9MZNVQ1UTOUTV4699IY,3E1QT0TDFQMCUE2EBBTGDHT3ANG8I0,6,Submitted,Wed Apr 13 04:04:26 PDT 2016,Tue Apr 12 11:22:31 PDT 2016,Tue Apr 12 11:24:26 PDT 2016,,,,,,[],1.8948666666666667
6,long,coll,10,regular,heavy,0.77,english,2,Female,37,,Yes,4,Windows,768,1366,Chrome,34OWYT6U3WU9MZNVQ1UTOUTV4699IY,3OC3A14RUZ33RZQ3K2JZUXY2W2YJ3C,Adjectives of English,Answer questions about the interpretations of adjectives,language research stanford fun cognitive science university,$0.25,Tue Apr 12 09:26:48 PDT 2016,9,0,0,0,Reviewable,NotReviewed,1 cond,1800,60000,Thu May 12 09:26:48 PDT 2016,https://requester.mturk.com/mturk/manageHIT?HITId=34OWYT6U3WU9MZNVQ1UTOUTV4699IY,3E1QT0TDFQMCUE2EBBTGDHT3ANG8I0,6,Submitted,Wed Apr 13 04:04:26 PDT 2016,Tue Apr 12 11:22:31 PDT 2016,Tue Apr 12 11:24:26 PDT 2016,,,,,,[],1.8948666666666667
6,long,dist,10,regular,heavy,0.48,english,2,Female,37,,Yes,4,Windows,768,1366,Chrome,34OWYT6U3WU9MZNVQ1UTOUTV4699IY,3OC3A14RUZ33RZQ3K2JZUXY2W2YJ3C,Adjectives of English,Answer questions about the interpretations of adjectives,language research stanford fun cognitive science university,$0.25,Tue Apr 12 09:26:48 PDT 2016,9,0,0,0,Reviewable,NotReviewed,1 cond,1800,60000,Thu May 12 09:26:48 PDT 2016,https://requester.mturk.com/mturk/manageHIT?HITId=34OWYT6U3WU9MZNVQ1UTOUTV4699IY,3E1QT0TDFQMCUE2EBBTGDHT3ANG8I0,6,Submitted,Wed Apr 13 04:04:26 PDT 2016,Tue Apr 12 11:22:31 PDT 2016,Tue Apr 12 11:24:26 PDT 2016,,,,,,[],1.8948666666666667
7,long,dist,8,regular,long,0.21,English,2,Female,47,,Yes,4,Windows,960,1280,Firefox,34OWYT6U3WU9MZNVQ1UTOUTV4699IY,3OC3A14RUZ33RZQ3K2JZUXY2W2YJ3C,Adjectives of English,Answer questions about the interpretations of adjectives,language research stanford fun cognitive science university,$0.25,Tue Apr 12 09:26:48 PDT 2016,9,0,0,0,Reviewable,NotReviewed,1 cond,1800,60000,Thu May 12 09:26:48 PDT 2016,https://requester.mturk.com/mturk/manageHIT?HITId=34OWYT6U3WU9MZNVQ1UTOUTV4699IY,3WQ3B2KGE9TKW64N6GSKCK2I1RSB1C,7,Submitted,Wed Apr 13 05:11:17 PDT 2016,Tue Apr 12 12:29:24 PDT 2016,Tue Apr 12 12:31:17 PDT 2016,,,,,,[],1.8546833333333332
7,long,coll,8,regular,long,0.91,English,2,Female,47,,Yes,4,Windows,960,1280,Firefox,34OWYT6U3WU9MZNVQ1UTOUTV4699IY,3OC3A14RUZ33RZQ3K2JZUXY2W2YJ3C,Adjectives of English,Answer questions about the interpretations of adjectives,language research stanford fun cognitive science university,$0.25,Tue Apr 12 09:26:48 PDT 2016,9,0,0,0,Reviewable,NotReviewed,1 cond,1800,60000,Thu May 12 09:26:48 PDT 2016,https://requester.mturk.com/mturk/manageHIT?HITId=34OWYT6U3WU9MZNVQ1UTOUTV4699IY,3WQ3B2KGE9TKW64N6GSKCK2I1RSB1C,7,Submitted,Wed Apr 13 05:11:17 PDT 2016,Tue Apr 12 12:29:24 PDT 2016,Tue Apr 12 12:31:17 PDT 2016,,,,,,[],1.8546833333333332
7,long,coll,9,regular,big,0.92,English,2,Female,47,,Yes,4,Windows,960,1280,Firefox,34OWYT6U3WU9MZNVQ1UTOUTV4699IY,3OC3A14RUZ33RZQ3K2JZUXY2W2YJ3C,Adjectives of English,Answer questions about the interpretations of adjectives,language research stanford fun cognitive science university,$0.25,Tue Apr 12 09:26:48 PDT 2016,9,0,0,0,Reviewable,NotReviewed,1 cond,1800,60000,Thu May 12 09:26:48 PDT 2016,https://requester.mturk.com/mturk/manageHIT?HITId=34OWYT6U3WU9MZNVQ1UTOUTV4699IY,3WQ3B2KGE9TKW64N6GSKCK2I1RSB1C,7,Submitted,Wed Apr 13 05:11:17 PDT 2016,Tue Apr 12 12:29:24 PDT 2016,Tue Apr 12 12:31:17 PDT 2016,,,,,,[],1.8546833333333332
7,long,dist,9,regular,big,0.28,English,2,Female,47,,Yes,4,Windows,960,1280,Firefox,34OWYT6U3WU9MZNVQ1UTOUTV4699IY,3OC3A14RUZ33RZQ3K2JZUXY2W2YJ3C,Adjectives of English,Answer questions about the interpretations of adjectives,language research stanford fun cognitive science university,$0.25,Tue Apr 12 09:26:48 PDT 2016,9,0,0,0,Reviewable,NotReviewed,1 cond,1800,60000,Thu May 12 09:26:48 PDT 2016,https://requester.mturk.com/mturk/manageHIT?HITId=34OWYT6U3WU9MZNVQ1UTOUTV4699IY,3WQ3B2KGE9TKW64N6GSKCK2I1RSB1C,7,Submitted,Wed Apr 13 05:11:17 PDT 2016,Tue Apr 12 12:29:24 PDT 2016,Tue Apr 12 12:31:17 PDT 2016,,,,,,[],1.8546833333333332
7,long,coll,10,regular,heavy,0.83,English,2,Female,47,,Yes,4,Windows,960,1280,Firefox,34OWYT6U3WU9MZNVQ1UTOUTV4699IY,3OC3A14RUZ33RZQ3K2JZUXY2W2YJ3C,Adjectives of English,Answer questions about the interpretations of adjectives,language research stanford fun cognitive science university,$0.25,Tue Apr 12 09:26:48 PDT 2016,9,0,0,0,Reviewable,NotReviewed,1 cond,1800,60000,Thu May 12 09:26:48 PDT 2016,https://requester.mturk.com/mturk/manageHIT?HITId=34OWYT6U3WU9MZNVQ1UTOUTV4699IY,3WQ3B2KGE9TKW64N6GSKCK2I1RSB1C,7,Submitted,Wed Apr 13 05:11:17 PDT 2016,Tue Apr 12 12:29:24 PDT 2016,Tue Apr 12 12:31:17 PDT 2016,,,,,,[],1.8546833333333332
7,long,dist,10,regular,heavy,0.5,English,2,Female,47,,Yes,4,Windows,960,1280,Firefox,34OWYT6U3WU9MZNVQ1UTOUTV4699IY,3OC3A14RUZ33RZQ3K2JZUXY2W2YJ3C,Adjectives of English,Answer questions about the interpretations of adjectives,language research stanford fun cognitive science university,$0.25,Tue Apr 12 09:26:48 PDT 2016,9,0,0,0,Reviewable,NotReviewed,1 cond,1800,60000,Thu May 12 09:26:48 PDT 2016,https://requester.mturk.com/mturk/manageHIT?HITId=34OWYT6U3WU9MZNVQ1UTOUTV4699IY,3WQ3B2KGE9TKW64N6GSKCK2I1RSB1C,7,Submitted,Wed Apr 13 05:11:17 PDT 2016,Tue Apr 12 12:29:24 PDT 2016,Tue Apr 12 12:31:17 PDT 2016,,,,,,[],1.8546833333333332
8,long,dist,8,regular,heavy,0.28,English,1,Male,42,,Yes,3,Windows,900,1600,Chrome,34OWYT6U3WU9MZNVQ1UTOUTV4699IY,3OC3A14RUZ33RZQ3K2JZUXY2W2YJ3C,Adjectives of English,Answer questions about the interpretations of adjectives,language research stanford fun cognitive science university,$0.25,Tue Apr 12 09:26:48 PDT 2016,9,0,0,0,Reviewable,NotReviewed,1 cond,1800,60000,Thu May 12 09:26:48 PDT 2016,https://requester.mturk.com/mturk/manageHIT?HITId=34OWYT6U3WU9MZNVQ1UTOUTV4699IY,3VJ40NV2QJ05OK55C4HGOALC092OT2,8,Submitted,Wed Apr 13 05:37:06 PDT 2016,Tue Apr 12 12:43:49 PDT 2016,Tue Apr 12 12:57:06 PDT 2016,,,,,,[],1.802
8,long,coll,8,regular,heavy,0.97,English,1,Male,42,,Yes,3,Windows,900,1600,Chrome,34OWYT6U3WU9MZNVQ1UTOUTV4699IY,3OC3A14RUZ33RZQ3K2JZUXY2W2YJ3C,Adjectives of English,Answer questions about the interpretations of adjectives,language research stanford fun cognitive science university,$0.25,Tue Apr 12 09:26:48 PDT 2016,9,0,0,0,Reviewable,NotReviewed,1 cond,1800,60000,Thu May 12 09:26:48 PDT 2016,https://requester.mturk.com/mturk/manageHIT?HITId=34OWYT6U3WU9MZNVQ1UTOUTV4699IY,3VJ40NV2QJ05OK55C4HGOALC092OT2,8,Submitted,Wed Apr 13 05:37:06 PDT 2016,Tue Apr 12 12:43:49 PDT 2016,Tue Apr 12 12:57:06 PDT 2016,,,,,,[],1.802
8,long,dist,9,regular,long,0.03,English,1,Male,42,,Yes,3,Windows,900,1600,Chrome,34OWYT6U3WU9MZNVQ1UTOUTV4699IY,3OC3A14RUZ33RZQ3K2JZUXY2W2YJ3C,Adjectives of English,Answer questions about the interpretations of adjectives,language research stanford fun cognitive science university,$0.25,Tue Apr 12 09:26:48 PDT 2016,9,0,0,0,Reviewable,NotReviewed,1 cond,1800,60000,Thu May 12 09:26:48 PDT 2016,https://requester.mturk.com/mturk/manageHIT?HITId=34OWYT6U3WU9MZNVQ1UTOUTV4699IY,3VJ40NV2QJ05OK55C4HGOALC092OT2,8,Submitted,Wed Apr 13 05:37:06 PDT 2016,Tue Apr 12 12:43:49 PDT 2016,Tue Apr 12 12:57:06 PDT 2016,,,,,,[],1.802
8,long,coll,9,regular,long,0.8,English,1,Male,42,,Yes,3,Windows,900,1600,Chrome,34OWYT6U3WU9MZNVQ1UTOUTV4699IY,3OC3A14RUZ33RZQ3K2JZUXY2W2YJ3C,Adjectives of English,Answer questions about the interpretations of adjectives,language research stanford fun cognitive science university,$0.25,Tue Apr 12 09:26:48 PDT 2016,9,0,0,0,Reviewable,NotReviewed,1 cond,1800,60000,Thu May 12 09:26:48 PDT 2016,https://requester.mturk.com/mturk/manageHIT?HITId=34OWYT6U3WU9MZNVQ1UTOUTV4699IY,3VJ40NV2QJ05OK55C4HGOALC092OT2,8,Submitted,Wed Apr 13 05:37:06 PDT 2016,Tue Apr 12 12:43:49 PDT 2016,Tue Apr 12 12:57:06 PDT 2016,,,,,,[],1.802
8,long,coll,10,regular,big,0.81,English,1,Male,42,,Yes,3,Windows,900,1600,Chrome,34OWYT6U3WU9MZNVQ1UTOUTV4699IY,3OC3A14RUZ33RZQ3K2JZUXY2W2YJ3C,Adjectives of English,Answer questions about the interpretations of adjectives,language research stanford fun cognitive science university,$0.25,Tue Apr 12 09:26:48 PDT 2016,9,0,0,0,Reviewable,NotReviewed,1 cond,1800,60000,Thu May 12 09:26:48 PDT 2016,https://requester.mturk.com/mturk/manageHIT?HITId=34OWYT6U3WU9MZNVQ1UTOUTV4699IY,3VJ40NV2QJ05OK55C4HGOALC092OT2,8,Submitted,Wed Apr 13 05:37:06 PDT 2016,Tue Apr 12 12:43:49 PDT 2016,Tue Apr 12 12:57:06 PDT 2016,,,,,,[],1.802
8,long,dist,10,regular,big,0.3,English,1,Male,42,,Yes,3,Windows,900,1600,Chrome,34OWYT6U3WU9MZNVQ1UTOUTV4699IY,3OC3A14RUZ33RZQ3K2JZUXY2W2YJ3C,Adjectives of English,Answer questions about the interpretations of adjectives,language research stanford fun cognitive science university,$0.25,Tue Apr 12 09:26:48 PDT 2016,9,0,0,0,Reviewable,NotReviewed,1 cond,1800,60000,Thu May 12 09:26:48 PDT 2016,https://requester.mturk.com/mturk/manageHIT?HITId=34OWYT6U3WU9MZNVQ1UTOUTV4699IY,3VJ40NV2QJ05OK55C4HGOALC092OT2,8,Submitted,Wed Apr 13 05:37:06 PDT 2016,Tue Apr 12 12:43:49 PDT 2016,Tue Apr 12 12:57:06 PDT 2016,,,,,,[],1.802
